{
  "contract": "../data/dataset/eth/0x1246a50e3aDaF684Ac566f0c40816fF738F309B3.hex",
  "tool": "madmax",
  "start": 1657450727.9895759,
  "end": 1657450729.251342,
  "exit_code": 0,
  "duration": 1.2617661952972412,
  "success": true,
  "findings": [],
  "errors": [],
  "analysis": [
    [
      "0x1246a50e3aDaF684Ac566f0c40816fF738F309B3.hex",
      [
        "bytecode"
      ],
      [],
      {
        "disassemble_time": 0.09923028945922852,
        "decomp_time": 0.02680683135986328,
        "inline_time": 0.09509158134460449,
        "client_time": 0.03386998176574707
      }
    ]
  ]
}