{
  "contract": "../data/dataset/eth/0x3A44D6B7F2D79ac803B8B17DEa7e08edE15D3b93.hex",
  "tool": "mythril",
  "start": 1657449044.246031,
  "end": 1657450559.461261,
  "exit_code": 0,
  "duration": 1515.2152299880981,
  "success": true,
  "findings": [],
  "errors": [],
  "analysis": {
    "error": null,
    "issues": [],
    "success": true
  }
}