{
  "contract": "../data/dataset/eth2/0x1C2362189cF8946883BD0F890eC27bC7AD024Fc7.hex",
  "tool": "vandal",
  "start": 1659437526.166653,
  "end": 1659437527.4299412,
  "exit_code": 0,
  "duration": 1.2632882595062256,
  "success": true,
  "findings": [
    "ReentrantCall",
    "UncheckedCall"
  ],
  "errors": [],
  "analysis": [
    "ReentrantCall",
    "UncheckedCall"
  ]
}