{
  "contract": "../data/dataset/eth/0x51B11D2D62C3BCbc26800a5Ab37d6926ce1bcaB3.hex",
  "tool": "madmax",
  "start": 1657424487.401632,
  "end": 1657424488.778882,
  "exit_code": 0,
  "duration": 1.3772499561309814,
  "success": true,
  "findings": [],
  "errors": [],
  "analysis": [
    [
      "0x51B11D2D62C3BCbc26800a5Ab37d6926ce1bcaB3.hex",
      [
        "bytecode"
      ],
      [],
      {
        "disassemble_time": 0.13202643394470215,
        "decomp_time": 0.036824703216552734,
        "inline_time": 0.11117243766784668,
        "client_time": 0.024330854415893555
      }
    ]
  ]
}