{
  "contract": "../data/dataset/bsc/0xB1Ae82Dccd4C380B5C60840211e044b33fFA5051.hex",
  "tool": "conkas",
  "start": 1657560433.453836,
  "end": 1657560678.530698,
  "exit_code": 0,
  "duration": 245.0768620967865,
  "success": true,
  "findings": [],
  "errors": [],
  "analysis": []
}