{
  "contract": "../data/dataset/eth2/0x108f62367B8AFCE7241035C3caC2800E76E69377.hex",
  "tool": "vandal",
  "start": 1659421293.3846092,
  "end": 1659421298.8314402,
  "exit_code": 1,
  "duration": 5.446830987930298,
  "success": true,
  "findings": [],
  "errors": [],
  "analysis": []
}