{
  "contract": "../data/dataset/eth2/0xd7B4Dbe40cf4e62E6cCE417E1459bF2373158CFE.hex",
  "tool": "vandal",
  "start": 1659443706.3347871,
  "end": 1659443708.1394749,
  "exit_code": 1,
  "duration": 1.804687738418579,
  "success": true,
  "findings": [],
  "errors": [],
  "analysis": []
}