{
  "contract": "../data/dataset/eth2/0x4F79EEAe00684D773B4f8EFF47967F9c9F35809D.hex",
  "tool": "mythril",
  "start": 1659461522.3162162,
  "end": 1659461528.6183345,
  "exit_code": 0,
  "duration": 6.302118301391602,
  "success": true,
  "findings": [],
  "errors": [],
  "analysis": {
    "error": null,
    "issues": [],
    "success": true
  }
}