{
  "contract": "../data/dataset/eth/0x6CA7d3438f8aF03f802d9167443652F589c1B528.hex",
  "tool": "mythril",
  "start": 1657399201.5692601,
  "end": 1657399679.191364,
  "exit_code": 0,
  "duration": 477.62210392951965,
  "success": true,
  "findings": [],
  "errors": [],
  "analysis": {
    "error": null,
    "issues": [],
    "success": true
  }
}