{
  "contract": "../data/dataset/eth2/0x56714a4995a8A5939a0d3b318506BcEE11cE8c87.hex",
  "tool": "vandal",
  "start": 1659398778.1826978,
  "end": 1659398779.9709768,
  "exit_code": 1,
  "duration": 1.7882790565490723,
  "success": true,
  "findings": [],
  "errors": [],
  "analysis": []
}