{
  "contract": "../data/dataset/eth/0xE542F7315cC942600EC70FAA05F44038E150885E.hex",
  "tool": "conkas",
  "start": 1657402254.9548879,
  "end": 1657402258.0102232,
  "exit_code": 0,
  "duration": 3.055335283279419,
  "success": true,
  "findings": [],
  "errors": [],
  "analysis": []
}