{
  "contract": "../data/dataset/bsc/0xdDdd601F5a4051F691Fc5b87837Fb934A568d062.hex",
  "tool": "mythril",
  "start": 1657536693.883827,
  "end": 1657537159.923939,
  "exit_code": 0,
  "duration": 466.0401120185852,
  "success": true,
  "findings": [],
  "errors": [],
  "analysis": {
    "error": null,
    "issues": [],
    "success": true
  }
}