{
  "contract": "../data/dataset/eth2/0x0F837D290E9F9F26E09D73f1FD2c5d4358724416.hex",
  "tool": "mythril",
  "start": 1659398692.6715415,
  "end": 1659398703.2361393,
  "exit_code": 0,
  "duration": 10.564597845077515,
  "success": true,
  "findings": [],
  "errors": [],
  "analysis": {
    "error": null,
    "issues": [],
    "success": true
  }
}