{
  "contract": "../data/dataset/bsc/0x83fe228b54ac05A26d8D4370463AAf9b03C481B0.hex",
  "tool": "vandal",
  "start": 1657627739.974116,
  "end": 1657627779.2978618,
  "exit_code": 1,
  "duration": 39.32374572753906,
  "success": true,
  "findings": [],
  "errors": [],
  "analysis": []
}