{
  "contract": "../data/dataset/eth2/0x1CAE9C64c164666E7CCDA1Fb2cB367942550D0ED.hex",
  "tool": "vandal",
  "start": 1659404229.5775633,
  "end": 1659404231.0742054,
  "exit_code": 1,
  "duration": 1.4966421127319336,
  "success": true,
  "findings": [],
  "errors": [],
  "analysis": []
}