{
  "contract": "../data/dataset/eth/0xfD930013AbCA8AA2162Dd37Bcc9368Dc01bf8B4B.hex",
  "tool": "madmax",
  "start": 1657462952.698095,
  "end": 1657462953.8429172,
  "exit_code": 0,
  "duration": 1.144822120666504,
  "success": true,
  "findings": [],
  "errors": [],
  "analysis": [
    [
      "0xfD930013AbCA8AA2162Dd37Bcc9368Dc01bf8B4B.hex",
      [
        "bytecode"
      ],
      [],
      {
        "disassemble_time": 0.007624387741088867,
        "decomp_time": 0.02553844451904297,
        "inline_time": 0.09191036224365234,
        "client_time": 0.023034095764160156
      }
    ]
  ]
}