{
  "contract": "../data/dataset/eth2/0xa1dB1CaA287218F141827d483113846C89d985f0.hex",
  "tool": "mythril",
  "start": 1659390458.3046255,
  "end": 1659390465.7014198,
  "exit_code": 0,
  "duration": 7.396794319152832,
  "success": true,
  "findings": [],
  "errors": [],
  "analysis": {
    "error": null,
    "issues": [],
    "success": true
  }
}