{
  "contract": "../data/dataset/bsc/0xE24EFF6F8D7A328DC48fF67743Ec5Db27B12d714.hex",
  "tool": "mythril",
  "start": 1657562232.836617,
  "end": 1657562271.303531,
  "exit_code": 0,
  "duration": 38.46691393852234,
  "success": true,
  "findings": [],
  "errors": [],
  "analysis": {
    "error": null,
    "issues": [],
    "success": true
  }
}