{
  "contract": "../data/dataset/eth/0xD0EC5Fbba68b6d9FC41E0511d49DfC0105C76fF0.hex",
  "tool": "madmax",
  "start": 1657458356.216788,
  "end": 1657458357.3740952,
  "exit_code": 0,
  "duration": 1.1573071479797363,
  "success": true,
  "findings": [],
  "errors": [],
  "analysis": [
    [
      "0xD0EC5Fbba68b6d9FC41E0511d49DfC0105C76fF0.hex",
      [
        "bytecode"
      ],
      [],
      {
        "disassemble_time": 0.007571697235107422,
        "decomp_time": 0.02810049057006836,
        "inline_time": 0.10503554344177246,
        "client_time": 0.022984027862548828
      }
    ]
  ]
}