{
  "contract": "../data/dataset/bsc/0xc12A555101a77e87Db040c37277e761A41DBd56c.hex",
  "tool": "conkas",
  "start": 1657577898.0098162,
  "end": 1657578270.2018518,
  "exit_code": 0,
  "duration": 372.1920356750488,
  "success": true,
  "findings": [],
  "errors": [],
  "analysis": []
}