{
  "contract": "../data/dataset/eth2/0x95eDcC819E668c580FDe96377632D549101a95d8.hex",
  "tool": "conkas",
  "start": 1659450041.5163047,
  "end": 1659450044.6071048,
  "exit_code": 0,
  "duration": 3.0908000469207764,
  "success": true,
  "findings": [],
  "errors": [],
  "analysis": []
}