{
  "contract": "../data/dataset/bsc/0xd2311DA5dC8C77cc8Aa7fe3BAF6172a4E264B122.hex",
  "tool": "mythril",
  "start": 1657594663.196434,
  "end": 1657594673.985761,
  "exit_code": 0,
  "duration": 10.789326906204224,
  "success": true,
  "findings": [],
  "errors": [],
  "analysis": {
    "error": null,
    "issues": [],
    "success": true
  }
}