{
  "contract": "../data/dataset/eth2/0x4e52E31e0BAF02eF230CC4a3E6065BD56c65f6EE.hex",
  "tool": "mythril",
  "start": 1659432409.6061957,
  "end": 1659432415.3812296,
  "exit_code": 0,
  "duration": 5.775033950805664,
  "success": true,
  "findings": [],
  "errors": [],
  "analysis": {
    "error": null,
    "issues": [],
    "success": true
  }
}