{
  "contract": "../data/dataset/eth2/0x2a0A239d36aA5d94B60cEea82944957B8adbe7f9.hex",
  "tool": "mythril",
  "start": 1659450861.5881422,
  "end": 1659450867.7335818,
  "exit_code": 0,
  "duration": 6.145439624786377,
  "success": true,
  "findings": [],
  "errors": [],
  "analysis": {
    "error": null,
    "issues": [],
    "success": true
  }
}