{
  "contract": "../data/dataset/eth2/0x7A9c6ff4e39aB26d1Ad728160989C3a58616A2cf.hex",
  "tool": "mythril",
  "start": 1659442895.228328,
  "end": 1659442900.8949206,
  "exit_code": 0,
  "duration": 5.666592597961426,
  "success": true,
  "findings": [],
  "errors": [],
  "analysis": {
    "error": null,
    "issues": [],
    "success": true
  }
}