{
  "contract": "../data/dataset/bsc2/0x7302e16cF681756542305aA77F427d41D8303C6b.hex",
  "tool": "vandal",
  "start": 1659542275.8492317,
  "end": 1659542278.4674027,
  "exit_code": 0,
  "duration": 2.618170976638794,
  "success": true,
  "findings": [
    "UncheckedCall"
  ],
  "errors": [],
  "analysis": [
    "UncheckedCall"
  ]
}