{
  "contract": "../data/dataset/bsc2/0x49ADD7627Cf9aB1423d58BdB9149d05C3BB5c3b5.hex",
  "tool": "vandal",
  "start": 1659539172.2124612,
  "end": 1659539177.4808922,
  "exit_code": 1,
  "duration": 5.268430948257446,
  "success": true,
  "findings": [],
  "errors": [],
  "analysis": []
}