{
  "contract": "../data/dataset/bsc/0x4D957c668DDd7a48456aDf50C9396ED3A7daa125.hex",
  "tool": "vandal",
  "start": 1657554499.985419,
  "end": 1657554511.64079,
  "exit_code": 1,
  "duration": 11.655370950698853,
  "success": true,
  "findings": [],
  "errors": [],
  "analysis": []
}