{
  "contract": "../data/dataset/eth/0x62F874F727226Cf91cC0E8f6140C78fFc15174C3.hex",
  "tool": "madmax",
  "start": 1657458270.417431,
  "end": 1657458271.646435,
  "exit_code": 0,
  "duration": 1.22900390625,
  "success": true,
  "findings": [],
  "errors": [],
  "analysis": [
    [
      "0x62F874F727226Cf91cC0E8f6140C78fFc15174C3.hex",
      [
        "bytecode"
      ],
      [],
      {
        "disassemble_time": 0.006929636001586914,
        "decomp_time": 0.03564715385437012,
        "inline_time": 0.10302400588989258,
        "client_time": 0.035445213317871094
      }
    ]
  ]
}