{
  "contract": "../data/dataset/bsc/0x619c16C3Ce850241860573Cd49Ff58c8e9a3EF8a.hex",
  "tool": "mythril",
  "start": 1657530370.870938,
  "end": 1657531883.373122,
  "exit_code": 0,
  "duration": 1512.5021839141846,
  "success": true,
  "findings": [],
  "errors": [],
  "analysis": {
    "error": null,
    "issues": [],
    "success": true
  }
}