{
  "contract": "../data/dataset/eth2/0x4e52E31e0BAF02eF230CC4a3E6065BD56c65f6EE.hex",
  "tool": "vandal",
  "start": 1659432392.2352047,
  "end": 1659432394.726315,
  "exit_code": 1,
  "duration": 2.491110324859619,
  "success": true,
  "findings": [],
  "errors": [],
  "analysis": []
}