{
  "contract": "../data/dataset/bsc/0x38Ad5D9DD28E5EE021F54B1a21036F18331cB5a3.hex",
  "tool": "madmax",
  "start": 1657523182.9373581,
  "end": 1657523184.200735,
  "exit_code": 0,
  "duration": 1.2633769512176514,
  "success": true,
  "findings": [],
  "errors": [],
  "analysis": [
    [
      "0x38Ad5D9DD28E5EE021F54B1a21036F18331cB5a3.hex",
      [
        "bytecode"
      ],
      [],
      {
        "disassemble_time": 0.0883636474609375,
        "decomp_time": 0.026629209518432617,
        "inline_time": 0.10646653175354004,
        "client_time": 0.024648427963256836
      }
    ]
  ]
}