{
  "contract": "../data/dataset/eth2/0x4C0C7AB3E8f36174Bff36D438d0EDb51833986C5.hex",
  "tool": "vandal",
  "start": 1659426728.5563803,
  "end": 1659426730.8734934,
  "exit_code": 1,
  "duration": 2.317113161087036,
  "success": true,
  "findings": [],
  "errors": [],
  "analysis": []
}