{
  "contract": "../data/dataset/bsc/0xE24EFF6F8D7A328DC48fF67743Ec5Db27B12d714.hex",
  "tool": "madmax",
  "start": 1657562281.722616,
  "end": 1657562282.948123,
  "exit_code": 0,
  "duration": 1.2255070209503174,
  "success": true,
  "findings": [],
  "errors": [],
  "analysis": [
    [
      "0xE24EFF6F8D7A328DC48fF67743Ec5Db27B12d714.hex",
      [
        "bytecode"
      ],
      [],
      {
        "disassemble_time": 0.06216859817504883,
        "decomp_time": 0.026502370834350586,
        "inline_time": 0.1034078598022461,
        "client_time": 0.023122310638427734
      }
    ]
  ]
}