{
  "contract": "../data/dataset/eth/0x596da4882c5034Eb58AfDaB1df478c19C8e9aeAA.hex",
  "tool": "mythril",
  "start": 1657404743.140783,
  "end": 1657404756.487472,
  "exit_code": 0,
  "duration": 13.346688985824585,
  "success": true,
  "findings": [],
  "errors": [],
  "analysis": {
    "error": null,
    "issues": [],
    "success": true
  }
}