{
  "contract": "../data/dataset/eth2/0x6D44F204f4191Aa3B0701d1596a0c718c1aF475C.hex",
  "tool": "vandal",
  "start": 1659453029.4795725,
  "end": 1659453031.0879545,
  "exit_code": 1,
  "duration": 1.608381986618042,
  "success": true,
  "findings": [],
  "errors": [],
  "analysis": []
}