{
  "contract": "../data/dataset/bsc/0xbaFfCcE0Dfd31A2A94666F292c007020A44b624e.hex",
  "tool": "madmax",
  "start": 1657595282.54306,
  "end": 1657595283.784086,
  "exit_code": 0,
  "duration": 1.2410259246826172,
  "success": true,
  "findings": [],
  "errors": [],
  "analysis": [
    [
      "0xbaFfCcE0Dfd31A2A94666F292c007020A44b624e.hex",
      [
        "bytecode"
      ],
      [],
      {
        "disassemble_time": 0.10605239868164062,
        "decomp_time": 0.025326013565063477,
        "inline_time": 0.09256672859191895,
        "client_time": 0.0232546329498291
      }
    ]
  ]
}