{
  "contract": "../data/dataset/eth2/0x69099930Bb14f6dC29c80cD8dc701B3127d18D9e.hex",
  "tool": "mythril",
  "start": 1659450740.8929136,
  "end": 1659450747.498485,
  "exit_code": 0,
  "duration": 6.605571508407593,
  "success": true,
  "findings": [],
  "errors": [],
  "analysis": {
    "error": null,
    "issues": [],
    "success": true
  }
}