{
  "contract": "../data/dataset/eth/0x7eb2A278F9491c1275CA6844c20bA4743922650E.hex",
  "tool": "conkas",
  "start": 1657462851.965376,
  "end": 1657462855.438627,
  "exit_code": 0,
  "duration": 3.4732511043548584,
  "success": true,
  "findings": [],
  "errors": [],
  "analysis": []
}