{
  "contract": "../data/dataset/bsc/0xe8cF4E5c49B8c2d4ad62F74b299fb360d2dEFdF6.hex",
  "tool": "madmax",
  "start": 1657626125.983514,
  "end": 1657626127.119075,
  "exit_code": 0,
  "duration": 1.1355609893798828,
  "success": true,
  "findings": [],
  "errors": [],
  "analysis": [
    [
      "0xe8cF4E5c49B8c2d4ad62F74b299fb360d2dEFdF6.hex",
      [
        "bytecode"
      ],
      [],
      {
        "disassemble_time": 0.007408857345581055,
        "decomp_time": 0.027231931686401367,
        "inline_time": 0.09526634216308594,
        "client_time": 0.025088787078857422
      }
    ]
  ]
}