{
  "contract": "../data/dataset/bsc/0x4D957c668DDd7a48456aDf50C9396ED3A7daa125.hex",
  "tool": "mythril",
  "start": 1657553468.712427,
  "end": 1657554497.609142,
  "exit_code": 0,
  "duration": 1028.8967151641846,
  "success": true,
  "findings": [],
  "errors": [],
  "analysis": {
    "error": null,
    "issues": [],
    "success": true
  }
}