{
  "contract": "../data/dataset/bsc2/0x7bb55BA704773Cd1e3776E1d7d5b1d3Cb6D7bD1C.hex",
  "tool": "vandal",
  "start": 1659555886.581861,
  "end": 1659555890.1503766,
  "exit_code": 1,
  "duration": 3.5685155391693115,
  "success": true,
  "findings": [],
  "errors": [],
  "analysis": []
}