{
  "contract": "../data/dataset/bsc/0x9bFeFa53E29FC81BB9c2F1705140307d29A07192.hex",
  "tool": "vandal",
  "start": 1657631786.330976,
  "end": 1657631805.9867039,
  "exit_code": 0,
  "duration": 19.655727863311768,
  "success": true,
  "findings": [
    "ReentrantCall",
    "UncheckedCall"
  ],
  "errors": [],
  "analysis": [
    "ReentrantCall",
    "UncheckedCall"
  ]
}