{
  "contract": "../data/dataset/eth2/0x4F79EEAe00684D773B4f8EFF47967F9c9F35809D.hex",
  "tool": "vandal",
  "start": 1659461504.4559827,
  "end": 1659461505.7644944,
  "exit_code": 1,
  "duration": 1.308511734008789,
  "success": true,
  "findings": [],
  "errors": [],
  "analysis": []
}