{
  "contract": "../data/dataset/eth/0xd89FFaD33dedeC7a41595CEa16bD4E031d005003.hex",
  "tool": "vandal",
  "start": 1657402405.618858,
  "end": 1657402407.298264,
  "exit_code": 1,
  "duration": 1.679405927658081,
  "success": true,
  "findings": [],
  "errors": [],
  "analysis": []
}