{
  "contract": "../data/dataset/bsc/0x67782d6867bDB5730333263b6bb11f5b845f590A.hex",
  "tool": "vandal",
  "start": 1657558419.3890371,
  "end": 1657558421.245484,
  "exit_code": 1,
  "duration": 1.8564469814300537,
  "success": true,
  "findings": [],
  "errors": [],
  "analysis": []
}