{
  "contract": "../data/dataset/eth/0xAb022BeAe44fa2929e7aC56924c530F7995A89fB.hex",
  "tool": "vandal",
  "start": 1657430065.083862,
  "end": 1657430066.775108,
  "exit_code": 1,
  "duration": 1.6912460327148438,
  "success": true,
  "findings": [],
  "errors": [],
  "analysis": []
}