{
  "contract": "../data/dataset/eth/0x7228bE171ec130c28B23FD161426715FaC94B437.hex",
  "tool": "madmax",
  "start": 1657457861.788974,
  "end": 1657457863.039397,
  "exit_code": 0,
  "duration": 1.2504229545593262,
  "success": true,
  "findings": [],
  "errors": [],
  "analysis": [
    [
      "0x7228bE171ec130c28B23FD161426715FaC94B437.hex",
      [
        "bytecode"
      ],
      [],
      {
        "disassemble_time": 0.029286623001098633,
        "decomp_time": 0.025339365005493164,
        "inline_time": 0.10697340965270996,
        "client_time": 0.0264432430267334
      }
    ]
  ]
}