{
  "contract": "../data/dataset/bsc/0x70fa500B1F18A234B2de42B467B0f6cF2FE7b914.hex",
  "tool": "madmax",
  "start": 1657501976.918914,
  "end": 1657501978.258602,
  "exit_code": 0,
  "duration": 1.3396878242492676,
  "success": true,
  "findings": [],
  "errors": [],
  "analysis": [
    [
      "0x70fa500B1F18A234B2de42B467B0f6cF2FE7b914.hex",
      [
        "bytecode"
      ],
      [],
      {
        "disassemble_time": 0.16291570663452148,
        "decomp_time": 0.025697946548461914,
        "inline_time": 0.09499478340148926,
        "client_time": 0.023070096969604492
      }
    ]
  ]
}