{
  "contract": "../data/dataset/bsc/0x2091D79EE83276727E340E4fc1E4d95F6698A1b7.hex",
  "tool": "vandal",
  "start": 1657520205.4401312,
  "end": 1657520214.8601978,
  "exit_code": 1,
  "duration": 9.420066595077515,
  "success": true,
  "findings": [],
  "errors": [],
  "analysis": []
}