{
  "contract": "../data/dataset/eth2/0xec47e1C9BbA0310190Dc632D2fA23F02943b4daF.hex",
  "tool": "conkas",
  "start": 1659414141.5643754,
  "end": 1659414144.267924,
  "exit_code": 0,
  "duration": 2.7035486698150635,
  "success": true,
  "findings": [],
  "errors": [],
  "analysis": []
}