{
  "contract": "../data/dataset/eth2/0x1113320c50aB4eBA3cFe7A396D9c1Bdb6B8C2f60.hex",
  "tool": "conkas",
  "start": 1659444739.1437027,
  "end": 1659444745.4620423,
  "exit_code": 0,
  "duration": 6.318339586257935,
  "success": false,
  "findings": [],
  "errors": [
    "PHI error",
    "exception (Exception)"
  ],
  "analysis": []
}