{
  "contract": "../data/dataset/bsc/0xcde34bF62de37fB7d3e50e13643fDE026afdd5e9.hex",
  "tool": "madmax",
  "start": 1657558220.167488,
  "end": 1657558221.399463,
  "exit_code": 0,
  "duration": 1.2319748401641846,
  "success": true,
  "findings": [],
  "errors": [],
  "analysis": [
    [
      "0xcde34bF62de37fB7d3e50e13643fDE026afdd5e9.hex",
      [
        "bytecode"
      ],
      [],
      {
        "disassemble_time": 0.08139300346374512,
        "decomp_time": 0.03678536415100098,
        "inline_time": 0.09279274940490723,
        "client_time": 0.023256540298461914
      }
    ]
  ]
}