{
  "contract": "../data/dataset/eth2/0xEA1764BE4b1160142ae69Af4D64325FfD8EeBFBB.hex",
  "tool": "vandal",
  "start": 1659437817.85387,
  "end": 1659437819.524884,
  "exit_code": 1,
  "duration": 1.6710140705108643,
  "success": true,
  "findings": [],
  "errors": [],
  "analysis": []
}