{
  "contract": "../data/dataset/bsc/0x6A00EF843175423612B25975d9b08f7C5A94E720.hex",
  "tool": "mythril",
  "start": 1657624154.302361,
  "end": 1657624164.961227,
  "exit_code": 0,
  "duration": 10.658865928649902,
  "success": true,
  "findings": [],
  "errors": [],
  "analysis": {
    "error": null,
    "issues": [],
    "success": true
  }
}