{
  "contract": "../data/dataset/bsc/0x9eC8F987d59d89902161078aDe811E9686b2c6cE.hex",
  "tool": "madmax",
  "start": 1657560420.2570271,
  "end": 1657560421.388441,
  "exit_code": 0,
  "duration": 1.1314139366149902,
  "success": true,
  "findings": [],
  "errors": [],
  "analysis": [
    [
      "0x9eC8F987d59d89902161078aDe811E9686b2c6cE.hex",
      [
        "bytecode"
      ],
      [],
      {
        "disassemble_time": 0.00728607177734375,
        "decomp_time": 0.027138948440551758,
        "inline_time": 0.09108948707580566,
        "client_time": 0.02492046356201172
      }
    ]
  ]
}