{
  "contract": "../data/dataset/eth2/0x4486370825B36a72E8bF148e688f56Fd9A594548.hex",
  "tool": "vandal",
  "start": 1659416038.8247366,
  "end": 1659416040.237271,
  "exit_code": 1,
  "duration": 1.412534475326538,
  "success": true,
  "findings": [],
  "errors": [],
  "analysis": []
}