{
  "contract": "../data/dataset/bsc/0x88006600894E956644A0191A920f6929DE645AA1.hex",
  "tool": "madmax",
  "start": 1657528520.4756649,
  "end": 1657528521.8873532,
  "exit_code": 0,
  "duration": 1.4116883277893066,
  "success": true,
  "findings": [],
  "errors": [],
  "analysis": [
    [
      "0x88006600894E956644A0191A920f6929DE645AA1.hex",
      [
        "bytecode"
      ],
      [],
      {
        "disassemble_time": 0.11694741249084473,
        "decomp_time": 0.026543378829956055,
        "inline_time": 0.11368107795715332,
        "client_time": 0.025289535522460938
      }
    ]
  ]
}