{
  "contract": "../data/dataset/bsc/0xdDdd601F5a4051F691Fc5b87837Fb934A568d062.hex",
  "tool": "madmax",
  "start": 1657537193.017814,
  "end": 1657537194.412585,
  "exit_code": 0,
  "duration": 1.3947710990905762,
  "success": true,
  "findings": [],
  "errors": [],
  "analysis": [
    [
      "0xdDdd601F5a4051F691Fc5b87837Fb934A568d062.hex",
      [
        "bytecode"
      ],
      [],
      {
        "disassemble_time": 0.1505448818206787,
        "decomp_time": 0.02760028839111328,
        "inline_time": 0.11367583274841309,
        "client_time": 0.023656845092773438
      }
    ]
  ]
}