{
  "contract": "../data/dataset/eth2/0x3C1617ed5f37F45F00565f96fD3a9465B3BCCbbb.hex",
  "tool": "securify",
  "start": 1659437705.2292395,
  "end": 1659437707.5101175,
  "exit_code": 0,
  "duration": 2.2808780670166016,
  "success": true,
  "findings": [],
  "errors": [],
  "analysis": {
    "../data/dataset/eth2/0x3C1617ed5f37F45F00565f96fD3a9465B3BCCbbb.hex:0x3C1617ed5f37F45F00565f96fD3a9465B3BCCbbb": {
      "results": {}
    }
  }
}