{
  "contract": "../data/dataset/eth2/0xba8DcD8D266Dd485b70fB4A7c62a6986f5805aa5.hex",
  "tool": "mythril",
  "start": 1659449324.4660451,
  "end": 1659449334.0511272,
  "exit_code": 0,
  "duration": 9.585082054138184,
  "success": true,
  "findings": [],
  "errors": [],
  "analysis": {
    "error": null,
    "issues": [],
    "success": true
  }
}