{
  "contract": "../data/dataset/eth/0x410a49A198c846E18CA4af4b98B1414ef28070fE.hex",
  "tool": "madmax",
  "start": 1657427166.647095,
  "end": 1657427167.7543302,
  "exit_code": 0,
  "duration": 1.1072351932525635,
  "success": true,
  "findings": [],
  "errors": [],
  "analysis": [
    [
      "0x410a49A198c846E18CA4af4b98B1414ef28070fE.hex",
      [
        "bytecode"
      ],
      [],
      {
        "disassemble_time": 0.014599323272705078,
        "decomp_time": 0.02499222755432129,
        "inline_time": 0.0944375991821289,
        "client_time": 0.027123212814331055
      }
    ]
  ]
}