{
  "contract": "../data/dataset/bsc/0xe6A20436694E2C4aD42FFc1c7d5713EdD6654B77.hex",
  "tool": "vandal",
  "start": 1657502014.4358091,
  "end": 1657502016.313462,
  "exit_code": 1,
  "duration": 1.877652883529663,
  "success": true,
  "findings": [],
  "errors": [],
  "analysis": []
}