{
  "contract": "../data/dataset/eth2/0x4486370825B36a72E8bF148e688f56Fd9A594548.hex",
  "tool": "mythril",
  "start": 1659416055.0144835,
  "end": 1659416061.0318618,
  "exit_code": 0,
  "duration": 6.017378330230713,
  "success": true,
  "findings": [],
  "errors": [],
  "analysis": {
    "error": null,
    "issues": [],
    "success": true
  }
}