{
  "contract": "../data/dataset/eth/0x6312a125174cdFAdC66441032E3043a1Dc45Dc36.hex",
  "tool": "vandal",
  "start": 1657394460.93962,
  "end": 1657394462.768489,
  "exit_code": 1,
  "duration": 1.8288688659667969,
  "success": true,
  "findings": [],
  "errors": [],
  "analysis": []
}