{
  "contract": "../data/dataset/eth2/0xaA977E57A5d9EcBBC8F05B8907f8375589c35dDf.hex",
  "tool": "mythril",
  "start": 1659437367.4945903,
  "end": 1659437373.5979657,
  "exit_code": 0,
  "duration": 6.103375434875488,
  "success": true,
  "findings": [],
  "errors": [],
  "analysis": {
    "error": null,
    "issues": [],
    "success": true
  }
}