{
  "contract": "../data/dataset/eth/0x325c96fA60EEB3A9F88bab75278B5Ff18398c919.hex",
  "tool": "conkas",
  "start": 1657448100.0415869,
  "end": 1657448104.9077709,
  "exit_code": 0,
  "duration": 4.8661839962005615,
  "success": true,
  "findings": [],
  "errors": [],
  "analysis": []
}