{
  "contract": "../data/dataset/eth2/0x7dcbb05C028d58544d7B1DE0F27296310ed7c63F.hex",
  "tool": "mythril",
  "start": 1659398630.7885451,
  "end": 1659398637.2687814,
  "exit_code": 0,
  "duration": 6.480236291885376,
  "success": true,
  "findings": [],
  "errors": [],
  "analysis": {
    "error": null,
    "issues": [],
    "success": true
  }
}