{
  "contract": "../data/dataset/eth2/0x2a0A239d36aA5d94B60cEea82944957B8adbe7f9.hex",
  "tool": "conkas",
  "start": 1659450855.2726102,
  "end": 1659450857.8611016,
  "exit_code": 0,
  "duration": 2.588491439819336,
  "success": true,
  "findings": [],
  "errors": [],
  "analysis": []
}