{
  "contract": "../data/dataset/eth2/0x9a65E4b8dE41a93a00D188Ef5E2A35cB60104f90.hex",
  "tool": "vandal",
  "start": 1659393530.6842723,
  "end": 1659393532.987026,
  "exit_code": 1,
  "duration": 2.3027536869049072,
  "success": true,
  "findings": [],
  "errors": [],
  "analysis": []
}