{
  "contract": "../data/dataset/eth/0xAE05Eb3D9A983c27D19b22403c8eBBe8C487490D.hex",
  "tool": "vandal",
  "start": 1657437648.65279,
  "end": 1657437652.428848,
  "exit_code": 1,
  "duration": 3.7760579586029053,
  "success": true,
  "findings": [],
  "errors": [],
  "analysis": []
}