{
  "contract": "../data/dataset/eth2/0x0E543aAe2F82FC90eD444d0993AD5d9A9051281b.hex",
  "tool": "conkas",
  "start": 1659393482.2637246,
  "end": 1659393488.2037525,
  "exit_code": 0,
  "duration": 5.940027952194214,
  "success": false,
  "findings": [],
  "errors": [
    "PHI error",
    "exception (Exception)"
  ],
  "analysis": []
}