{
  "contract": "../data/dataset/eth/0x1eECC8cf51995F2b2dE7a8f9c1d225462523C246.hex",
  "tool": "madmax",
  "start": 1657428274.87086,
  "end": 1657428276.2838259,
  "exit_code": 0,
  "duration": 1.4129657745361328,
  "success": true,
  "findings": [],
  "errors": [],
  "analysis": [
    [
      "0x1eECC8cf51995F2b2dE7a8f9c1d225462523C246.hex",
      [
        "bytecode"
      ],
      [],
      {
        "disassemble_time": 0.03569436073303223,
        "decomp_time": 0.027677536010742188,
        "inline_time": 0.1238410472869873,
        "client_time": 0.028547048568725586
      }
    ]
  ]
}