{
  "contract": "../data/dataset/bsc/0x498c2d2E3b86D30de240A9c0abFEd9b587056d1f.hex",
  "tool": "vandal",
  "start": 1657626157.377867,
  "end": 1657626159.0978858,
  "exit_code": 1,
  "duration": 1.7200188636779785,
  "success": true,
  "findings": [],
  "errors": [],
  "analysis": []
}