{
  "contract": "../data/dataset/eth2/0x35B2A7373B2f5750e7D9F419787ADfA1D9738626.hex",
  "tool": "vandal",
  "start": 1659448448.3447542,
  "end": 1659448449.9677203,
  "exit_code": 1,
  "duration": 1.6229660511016846,
  "success": true,
  "findings": [],
  "errors": [],
  "analysis": []
}