{
  "contract": "../data/dataset/bsc/0x6513d3bf15F001CeB319922Df09CA61619C08799.hex",
  "tool": "mythril",
  "start": 1657494909.051188,
  "end": 1657494923.290621,
  "exit_code": 0,
  "duration": 14.23943305015564,
  "success": true,
  "findings": [],
  "errors": [],
  "analysis": {
    "error": null,
    "issues": [],
    "success": true
  }
}