{
  "contract": "../data/dataset/eth2/0xA7Fe849f4Ce8735bfDc1b953df2Bebbc0c563899.hex",
  "tool": "mythril",
  "start": 1659399443.3893843,
  "end": 1659399448.4815798,
  "exit_code": 0,
  "duration": 5.092195510864258,
  "success": true,
  "findings": [],
  "errors": [],
  "analysis": {
    "error": null,
    "issues": [],
    "success": true
  }
}