{
  "contract": "../data/dataset/bsc/0x20613fD4251a1B81fda2872706a4ffbb4369481E.hex",
  "tool": "madmax",
  "start": 1657624137.2341602,
  "end": 1657624138.446871,
  "exit_code": 0,
  "duration": 1.2127108573913574,
  "success": true,
  "findings": [],
  "errors": [],
  "analysis": [
    [
      "0x20613fD4251a1B81fda2872706a4ffbb4369481E.hex",
      [
        "bytecode"
      ],
      [],
      {
        "disassemble_time": 0.061248064041137695,
        "decomp_time": 0.026999235153198242,
        "inline_time": 0.09565043449401855,
        "client_time": 0.02445530891418457
      }
    ]
  ]
}