{
  "contract": "../data/dataset/bsc/0x9ef2462c56Cd105652995c6e137Db9FAa129d1b5.hex",
  "tool": "vandal",
  "start": 1657498733.0510201,
  "end": 1657498775.5692658,
  "exit_code": 1,
  "duration": 42.518245697021484,
  "success": true,
  "findings": [],
  "errors": [],
  "analysis": []
}