{
  "contract": "../data/dataset/eth/0x8F0bAcB525680737098F445baC4B2510C425F154.hex",
  "tool": "vandal",
  "start": 1657417585.282208,
  "end": 1657417587.0402071,
  "exit_code": 1,
  "duration": 1.7579991817474365,
  "success": true,
  "findings": [],
  "errors": [],
  "analysis": []
}