{
  "contract": "../data/dataset/eth/0x8F0bAcB525680737098F445baC4B2510C425F154.hex",
  "tool": "madmax",
  "start": 1657417589.9542131,
  "end": 1657417591.06674,
  "exit_code": 0,
  "duration": 1.1125268936157227,
  "success": true,
  "findings": [],
  "errors": [],
  "analysis": [
    [
      "0x8F0bAcB525680737098F445baC4B2510C425F154.hex",
      [
        "bytecode"
      ],
      [],
      {
        "disassemble_time": 0.010517597198486328,
        "decomp_time": 0.025379657745361328,
        "inline_time": 0.0971231460571289,
        "client_time": 0.02430105209350586
      }
    ]
  ]
}