{
  "contract": "../data/dataset/bsc/0x2BCE6F700B75B30D5fC7A2F8C7539B9199C5cCa9.hex",
  "tool": "mythril",
  "start": 1657503079.939401,
  "end": 1657503112.112278,
  "exit_code": 0,
  "duration": 32.172877073287964,
  "success": true,
  "findings": [],
  "errors": [],
  "analysis": {
    "error": null,
    "issues": [],
    "success": true
  }
}