{
  "contract": "../data/dataset/eth2/0x39a4A877aB4B4493A60B82d39fc2A1acd8afF157.hex",
  "tool": "conkas",
  "start": 1659421135.875331,
  "end": 1659421138.839137,
  "exit_code": 0,
  "duration": 2.96380615234375,
  "success": true,
  "findings": [],
  "errors": [],
  "analysis": []
}