{
  "contract": "../data/dataset/bsc/0xec8579fe2172aec3AbF8b80b48D6F93d5df07D14.hex",
  "tool": "madmax",
  "start": 1657608721.121118,
  "end": 1657608722.3636632,
  "exit_code": 0,
  "duration": 1.2425451278686523,
  "success": true,
  "findings": [],
  "errors": [],
  "analysis": [
    [
      "0xec8579fe2172aec3AbF8b80b48D6F93d5df07D14.hex",
      [
        "bytecode"
      ],
      [],
      {
        "disassemble_time": 0.05909132957458496,
        "decomp_time": 0.03589892387390137,
        "inline_time": 0.0913534164428711,
        "client_time": 0.022904634475708008
      }
    ]
  ]
}