{
  "contract": "../data/dataset/eth2/0x5e9A8Ffb520259AC15Eb25cEd3428dbe465137d7.hex",
  "tool": "mythril",
  "start": 1659439814.0183709,
  "end": 1659439821.7582784,
  "exit_code": 0,
  "duration": 7.739907503128052,
  "success": true,
  "findings": [],
  "errors": [],
  "analysis": {
    "error": null,
    "issues": [],
    "success": true
  }
}