{
  "contract": "../data/dataset/bsc2/0x1146D9394382D424638f5daA08b16c1cCB2AE975.hex",
  "tool": "vandal",
  "start": 1659524536.4293756,
  "end": 1659524538.4920557,
  "exit_code": 1,
  "duration": 2.0626800060272217,
  "success": true,
  "findings": [],
  "errors": [],
  "analysis": []
}