{
  "contract": "../data/dataset/bsc/0x619c16C3Ce850241860573Cd49Ff58c8e9a3EF8a.hex",
  "tool": "vandal",
  "start": 1657531885.7788732,
  "end": 1657531896.1668391,
  "exit_code": 1,
  "duration": 10.38796591758728,
  "success": true,
  "findings": [],
  "errors": [],
  "analysis": []
}