{
  "contract": "../data/dataset/eth2/0x0adC1D2e90b097Be5BBeA25955f8034d1fDa026c.hex",
  "tool": "mythril",
  "start": 1659403310.5964875,
  "end": 1659403318.4002442,
  "exit_code": 0,
  "duration": 7.8037567138671875,
  "success": true,
  "findings": [],
  "errors": [],
  "analysis": {
    "error": null,
    "issues": [],
    "success": true
  }
}