{
  "contract": "../data/dataset/eth2/0xec47e1C9BbA0310190Dc632D2fA23F02943b4daF.hex",
  "tool": "vandal",
  "start": 1659414131.937396,
  "end": 1659414133.406517,
  "exit_code": 1,
  "duration": 1.469120979309082,
  "success": true,
  "findings": [],
  "errors": [],
  "analysis": []
}