{
  "contract": "../data/dataset/eth2/0x8A071e51fF596f0b465F9083CcF8ec7D6eBd7693.hex",
  "tool": "mythril",
  "start": 1659402386.504767,
  "end": 1659402397.3534155,
  "exit_code": 0,
  "duration": 10.84864854812622,
  "success": true,
  "findings": [],
  "errors": [],
  "analysis": {
    "error": null,
    "issues": [],
    "success": true
  }
}