{
  "contract": "../data/dataset/bsc/0xdDdd601F5a4051F691Fc5b87837Fb934A568d062.hex",
  "tool": "vandal",
  "start": 1657537162.643973,
  "end": 1657537189.385154,
  "exit_code": 1,
  "duration": 26.741180896759033,
  "success": true,
  "findings": [],
  "errors": [],
  "analysis": []
}