{
  "contract": "../data/dataset/eth2/0xCA9A84205108BAF017725eBeA624b6ec947B4945.hex",
  "tool": "vandal",
  "start": 1659448474.9910796,
  "end": 1659448476.3435655,
  "exit_code": 1,
  "duration": 1.3524858951568604,
  "success": true,
  "findings": [],
  "errors": [],
  "analysis": []
}