{
  "contract": "../data/dataset/eth/0x314321564B471a74696786a08EEf22c4628AA36d.hex",
  "tool": "madmax",
  "start": 1657413891.430204,
  "end": 1657413892.560559,
  "exit_code": 0,
  "duration": 1.1303551197052002,
  "success": true,
  "findings": [],
  "errors": [],
  "analysis": [
    [
      "0x314321564B471a74696786a08EEf22c4628AA36d.hex",
      [
        "bytecode"
      ],
      [],
      {
        "disassemble_time": 0.016385316848754883,
        "decomp_time": 0.02966594696044922,
        "inline_time": 0.09369397163391113,
        "client_time": 0.023600339889526367
      }
    ]
  ]
}