{
  "contract": "../data/dataset/bsc/0x67782d6867bDB5730333263b6bb11f5b845f590A.hex",
  "tool": "mythril",
  "start": 1657558404.550786,
  "end": 1657558417.2721941,
  "exit_code": 0,
  "duration": 12.721408128738403,
  "success": true,
  "findings": [],
  "errors": [],
  "analysis": {
    "error": null,
    "issues": [],
    "success": true
  }
}