{
  "contract": "../data/dataset/eth/0xbEb6614e57e4FB8247221795a25714136DFAADAe.hex",
  "tool": "vandal",
  "start": 1657435232.1452858,
  "end": 1657435234.379489,
  "exit_code": 1,
  "duration": 2.2342031002044678,
  "success": true,
  "findings": [],
  "errors": [],
  "analysis": []
}