{
  "contract": "../data/dataset/bsc/0x862Bfc0ABd56a833dE0572fE828C9c38BB0d21d2.hex",
  "tool": "madmax",
  "start": 1657553433.833549,
  "end": 1657553435.099964,
  "exit_code": 0,
  "duration": 1.2664148807525635,
  "success": true,
  "findings": [],
  "errors": [],
  "analysis": [
    [
      "0x862Bfc0ABd56a833dE0572fE828C9c38BB0d21d2.hex",
      [
        "bytecode"
      ],
      [],
      {
        "disassemble_time": 0.08257484436035156,
        "decomp_time": 0.03563570976257324,
        "inline_time": 0.0931081771850586,
        "client_time": 0.022948503494262695
      }
    ]
  ]
}