{
  "contract": "../data/dataset/bsc2/0x7bb55BA704773Cd1e3776E1d7d5b1d3Cb6D7bD1C.hex",
  "tool": "mythril",
  "start": 1659556060.0517933,
  "end": 1659557017.2991006,
  "exit_code": 0,
  "duration": 957.2473073005676,
  "success": true,
  "findings": [],
  "errors": [],
  "analysis": {
    "error": null,
    "issues": [],
    "success": true
  }
}