{
  "contract": "../data/dataset/eth2/0xEA1764BE4b1160142ae69Af4D64325FfD8EeBFBB.hex",
  "tool": "mythril",
  "start": 1659437838.25051,
  "end": 1659437846.2168694,
  "exit_code": 0,
  "duration": 7.966359376907349,
  "success": true,
  "findings": [],
  "errors": [],
  "analysis": {
    "error": null,
    "issues": [],
    "success": true
  }
}