{
  "contract": "../data/dataset/bsc2/0x656E2EE626c6aF1a0CB59a480B3c7bf5FA4A1ebf.hex",
  "tool": "conkas",
  "start": 1659548768.7008617,
  "end": 1659548771.3867664,
  "exit_code": 0,
  "duration": 2.6859047412872314,
  "success": true,
  "findings": [],
  "errors": [],
  "analysis": []
}