{
  "contract": "../data/dataset/bsc/0x38Ad5D9DD28E5EE021F54B1a21036F18331cB5a3.hex",
  "tool": "mythril",
  "start": 1657521649.955578,
  "end": 1657523162.637865,
  "exit_code": 0,
  "duration": 1512.682286977768,
  "success": true,
  "findings": [],
  "errors": [],
  "analysis": {
    "error": null,
    "issues": [],
    "success": true
  }
}