{
  "contract": "../data/dataset/bsc/0xd2311DA5dC8C77cc8Aa7fe3BAF6172a4E264B122.hex",
  "tool": "madmax",
  "start": 1657594679.607285,
  "end": 1657594680.736202,
  "exit_code": 0,
  "duration": 1.1289169788360596,
  "success": true,
  "findings": [],
  "errors": [],
  "analysis": [
    [
      "0xd2311DA5dC8C77cc8Aa7fe3BAF6172a4E264B122.hex",
      [
        "bytecode"
      ],
      [],
      {
        "disassemble_time": 0.007635593414306641,
        "decomp_time": 0.025800704956054688,
        "inline_time": 0.09201598167419434,
        "client_time": 0.025015592575073242
      }
    ]
  ]
}