{
  "contract": "../data/dataset/eth/0x1eECC8cf51995F2b2dE7a8f9c1d225462523C246.hex",
  "tool": "vandal",
  "start": 1657428248.0052311,
  "end": 1657428251.240823,
  "exit_code": 1,
  "duration": 3.2355918884277344,
  "success": true,
  "findings": [],
  "errors": [],
  "analysis": []
}