{
  "contract": "../data/dataset/eth2/0x32d55157bd2aE652F4B6be48Ee4a7a1686d28A3f.hex",
  "tool": "securify",
  "start": 1659401342.2751286,
  "end": 1659401592.1894841,
  "exit_code": 0,
  "duration": 249.91435551643372,
  "success": true,
  "findings": [],
  "errors": [],
  "analysis": {
    "../data/dataset/eth2/0x32d55157bd2aE652F4B6be48Ee4a7a1686d28A3f.hex:0x32d55157bd2aE652F4B6be48Ee4a7a1686d28A3f": {
      "results": {
        "DAO": {
          "completed": true,
          "hasViolations": false,
          "hasWarnings": false,
          "hasSafe": false,
          "hasConflicts": false,
          "violations": [],
          "warnings": [],
          "safe": [],
          "conflicts": []
        },
        "DAOConstantGas": {
          "completed": true,
          "hasViolations": false,
          "hasWarnings": false,
          "hasSafe": true,
          "hasConflicts": false,
          "violations": [],
          "warnings": [],
          "safe": [
            2544,
            2544,
            2544,
            2544,
            2544,
            2544,
            2544,
            2544,
            2544,
            2544,
            2544,
            2544,
            2544,
            2544,
            2544,
            2544,
            2544,
            2544,
            2544,
            2544,
            2544,
            2544
          ],
          "conflicts": []
        },
        "MissingInputValidation": {
          "completed": true,
          "hasViolations": true,
          "hasWarnings": true,
          "hasSafe": true,
          "hasConflicts": false,
          "violations": [
            1737,
            1737,
            1480,
            1737,
            1480,
            1737,
            1480,
            1737,
            1480,
            1425,
            1737,
            1480,
            1425,
            2560,
            1737,
            1480,
            1425,
            2560,
            2717,
            1737,
            1480,
            1425,
            2560,
            2717,
            1719,
            1737,
            1480,
            1425,
            2560,
            2717,
            1719,
            2615,
            1737,
            1480,
            1425,
            2560,
            2717,
            1719,
            2615,
            1737,
            1480,
            1425,
            2560,
            2717,
            1719,
            2615,
            2264,
            1737,
            1480,
            1425,
            2560,
            2717,
            1719,
            2615,
            2264,
            1737,
            1480,
            1425,
            2560,
            2717,
            1719,
            2615,
            2264,
            1861,
            1737,
            1480,
            1425,
            2560,
            2717,
            1719,
            2615,
            2264,
            1861,
            1737,
            1480,
            1425,
            2560,
            2717,
            1719,
            2615,
            2264,
            1861,
            1737,
            1480,
            1425,
            2560,
            2717,
            1719,
            2615,
            2264,
            1861,
            1737,
            1480,
            1425,
            2560,
            2717,
            1719,
            2615,
            2264,
            1861,
            2241,
            1737,
            1480,
            1425,
            2560,
            2717,
            1719,
            2615,
            2264,
            1861,
            2241,
            1261,
            1737,
            1480,
            1425,
            2560,
            2717,
            1719,
            2615,
            2264,
            1861,
            2241,
            1261,
            1737,
            1480,
            1425,
            2560,
            2717,
            1719,
            2615,
            2264,
            1861,
            2241,
            1261,
            1737,
            1480,
            1425,
            2560,
            2717,
            1719,
            2615,
            2264,
            1861,
            2241,
            1261,
            2466
          ],
          "warnings": [
            2493,
            2493,
            2493,
            2493,
            2493,
            2493,
            2493,
            2493,
            2493,
            2493,
            2493,
            2493,
            2493,
            2493,
            2493,
            2493,
            2230,
            2493,
            2230,
            2493,
            2230,
            2493,
            2230,
            2493,
            2230,
            2493,
            2230,
            2493,
            2230
          ],
          "safe": [
            1607,
            1607,
            2083,
            1607,
            2083,
            1607,
            2083,
            1607,
            2083,
            1607,
            2083,
            2766,
            1607,
            2083,
            2766,
            2069,
            1607,
            2083,
            2766,
            2069,
            1607,
            2083,
            2766,
            2069,
            1607,
            2083,
            2766,
            2069,
            1607,
            2083,
            2766,
            2069,
            1607,
            2083,
            2766,
            2069,
            1607,
            2083,
            2766,
            2069,
            1593,
            1607,
            2083,
            2766,
            2069,
            1593,
            1607,
            2083,
            2766,
            2069,
            1593,
            2206,
            1607,
            2083,
            2766,
            2069,
            1593,
            2206,
            1607,
            2083,
            2766,
            2069,
            1593,
            2206,
            1475,
            1607,
            2083,
            2766,
            2069,
            1593,
            2206,
            1475,
            1607,
            2083,
            2766,
            2069,
            1593,
            2206,
            1475,
            1302,
            1607,
            2083,
            2766,
            2069,
            1593,
            2206,
            1475,
            1302,
            1607,
            2083,
            2766,
            2069,
            1593,
            2206,
            1475,
            1302,
            1607,
            2083,
            2766,
            2069,
            1593,
            2206,
            1475,
            1302,
            1714,
            1607,
            2083,
            2766,
            2069,
            1593,
            2206,
            1475,
            1302,
            1714,
            2064,
            1607,
            2083,
            2766,
            2069,
            1593,
            2206,
            1475,
            1302,
            1714,
            2064
          ],
          "conflicts": []
        },
        "TODAmount": {
          "completed": true,
          "hasViolations": false,
          "hasWarnings": true,
          "hasSafe": false,
          "hasConflicts": false,
          "violations": [],
          "warnings": [
            2544,
            2544,
            2544,
            2544,
            2544,
            2544,
            2544,
            2544,
            2544,
            2544,
            2544,
            2544,
            2544,
            2544,
            2544,
            2544,
            2544,
            2544,
            2544,
            2544,
            2544,
            2544
          ],
          "safe": [],
          "conflicts": []
        },
        "TODReceiver": {
          "completed": true,
          "hasViolations": false,
          "hasWarnings": false,
          "hasSafe": true,