{
  "contract": "../data/dataset/eth2/0x129c2710787D4EfE891682d6569bcCa4eEF3E87e.hex",
  "tool": "conkas",
  "start": 1659443638.8120635,
  "end": 1659443641.6680112,
  "exit_code": 0,
  "duration": 2.855947732925415,
  "success": true,
  "findings": [],
  "errors": [],
  "analysis": []
}