{
  "contract": "../data/dataset/eth2/0x492A1836B1a2F405351c0d234B5A7F425a7C14d1.hex",
  "tool": "conkas",
  "start": 1659453072.938403,
  "end": 1659453075.9184175,
  "exit_code": 0,
  "duration": 2.9800145626068115,
  "success": true,
  "findings": [],
  "errors": [],
  "analysis": []
}