{
  "contract": "../data/dataset/eth2/0x3d7a18aFCAe3Ae0d27aBFF5664d0B2859f475714.hex",
  "tool": "conkas",
  "start": 1659426771.5709357,
  "end": 1659426774.689979,
  "exit_code": 0,
  "duration": 3.1190433502197266,
  "success": true,
  "findings": [],
  "errors": [],
  "analysis": []
}