{
  "contract": "../data/dataset/eth2/0x0F837D290E9F9F26E09D73f1FD2c5d4358724416.hex",
  "tool": "oyente",
  "start": 1659398690.7084768,
  "end": 1659398692.6690621,
  "exit_code": 1,
  "duration": 1.960585355758667,
  "success": false,
  "findings": [],
  "errors": [
    "analysis incomplete",
    "exception (ValueError: STACK underflow)"
  ],
  "analysis": []
}