{
  "contract": "../data/dataset/bsc/0x90131d694380702177D9f4EaabD10046E15E22f8.hex",
  "tool": "madmax",
  "start": 1657496859.905397,
  "end": 1657496861.1599538,
  "exit_code": 0,
  "duration": 1.2545568943023682,
  "success": true,
  "findings": [],
  "errors": [],
  "analysis": [
    [
      "0x90131d694380702177D9f4EaabD10046E15E22f8.hex",
      [
        "bytecode"
      ],
      [],
      {
        "disassemble_time": 0.0763864517211914,
        "decomp_time": 0.025293827056884766,
        "inline_time": 0.09577488899230957,
        "client_time": 0.033390045166015625
      }
    ]
  ]
}