{
  "contract": "../data/dataset/bsc/0x8bE3b351591D5d554f015bD1F480920D21c62198.hex",
  "tool": "vandal",
  "start": 1657585789.516095,
  "end": 1657585806.2647371,
  "exit_code": 1,
  "duration": 16.748642206192017,
  "success": true,
  "findings": [],
  "errors": [],
  "analysis": []
}