{
  "contract": "../data/dataset/bsc2/0xB764337E82CF853672245AfE775B75aF116593Fb.hex",
  "tool": "vandal",
  "start": 1659508943.0083375,
  "end": 1659508988.7707,
  "exit_code": 0,
  "duration": 45.762362480163574,
  "success": true,
  "findings": [
    "ReentrantCall",
    "UncheckedCall"
  ],
  "errors": [],
  "analysis": [
    "ReentrantCall",
    "UncheckedCall"
  ]
}