{
  "contract": "../data/dataset/eth2/0x0adC1D2e90b097Be5BBeA25955f8034d1fDa026c.hex",
  "tool": "vandal",
  "start": 1659403289.3572032,
  "end": 1659403292.2802029,
  "exit_code": 1,
  "duration": 2.922999620437622,
  "success": true,
  "findings": [],
  "errors": [],
  "analysis": []
}