{
  "contract": "../data/dataset/bsc2/0x46036a77B75167BE249AbfBc5575501e54bA7704.hex",
  "tool": "mythril",
  "start": 1659508213.3477306,
  "end": 1659508938.4587674,
  "exit_code": 0,
  "duration": 725.1110367774963,
  "success": true,
  "findings": [],
  "errors": [],
  "analysis": {
    "error": null,
    "issues": [],
    "success": true
  }
}