{
  "contract": "../data/dataset/eth/0xE83153fE8FADF642378178cA66c7153D97F863eC.hex",
  "tool": "madmax",
  "start": 1657394559.4577222,
  "end": 1657394560.6493618,
  "exit_code": 0,
  "duration": 1.1916396617889404,
  "success": true,
  "findings": [],
  "errors": [],
  "analysis": [
    [
      "0xE83153fE8FADF642378178cA66c7153D97F863eC.hex",
      [
        "bytecode"
      ],
      [],
      {
        "disassemble_time": 0.007106304168701172,
        "decomp_time": 0.035706281661987305,
        "inline_time": 0.10777020454406738,
        "client_time": 0.025632381439208984
      }
    ]
  ]
}