{
  "contract": "../data/dataset/eth2/0xe35F3Cb30d8759958237001115B04Ce3Abaf20b0.hex",
  "tool": "vandal",
  "start": 1659453696.9252734,
  "end": 1659453699.2726123,
  "exit_code": 1,
  "duration": 2.347338914871216,
  "success": false,
  "findings": [],
  "errors": [
    "exception (ValueError: negative shift count)",
    "internal error"
  ],
  "analysis": []
}