{
  "contract": "../data/dataset/eth/0xebcDAf495eBCd61a7B75141d3c8cfD98BABF9a4b.hex",
  "tool": "vandal",
  "start": 1657424579.832205,
  "end": 1657424583.573206,
  "exit_code": 1,
  "duration": 3.7410008907318115,
  "success": true,
  "findings": [],
  "errors": [],
  "analysis": []
}