{
  "contract": "../data/dataset/eth/0x28d51B2eE06684d3efEB4D776FA5A6Fd308cfa61.hex",
  "tool": "madmax",
  "start": 1657417513.67591,
  "end": 1657417515.095212,
  "exit_code": 0,
  "duration": 1.419301986694336,
  "success": true,
  "findings": [],
  "errors": [],
  "analysis": [
    [
      "0x28d51B2eE06684d3efEB4D776FA5A6Fd308cfa61.hex",
      [
        "bytecode"
      ],
      [],
      {
        "disassemble_time": 0.25687718391418457,
        "decomp_time": 0.028090476989746094,
        "inline_time": 0.09217524528503418,
        "client_time": 0.025708913803100586
      }
    ]
  ]
}