{
  "contract": "../data/dataset/bsc2/0x0000000000000000000000000000000000000000.hex",
  "tool": "mythril",
  "start": 1659511991.6568685,
  "end": 1659511996.8366222,
  "exit_code": 0,
  "duration": 5.17975378036499,
  "success": true,
  "findings": [],
  "errors": [],
  "analysis": {
    "error": null,
    "issues": [],
    "success": true
  }
}