{
  "contract": "../data/dataset/eth/0x284A3Fc662caD9EECa355bEA45Cc0Cc507fb36BA.hex",
  "tool": "madmax",
  "start": 1657421154.891801,
  "end": 1657421156.0876422,
  "exit_code": 0,
  "duration": 1.1958410739898682,
  "success": true,
  "findings": [],
  "errors": [],
  "analysis": [
    [
      "0x284A3Fc662caD9EECa355bEA45Cc0Cc507fb36BA.hex",
      [
        "bytecode"
      ],
      [],
      {
        "disassemble_time": 0.007359027862548828,
        "decomp_time": 0.03969240188598633,
        "inline_time": 0.11011362075805664,
        "client_time": 0.023138046264648438
      }
    ]
  ]
}