{
  "contract": "../data/dataset/eth2/0x08a6AAF0698069be4e47e24A02dA68F1C23803C4.hex",
  "tool": "vandal",
  "start": 1659454285.2926905,
  "end": 1659454292.949351,
  "exit_code": 0,
  "duration": 7.656660556793213,
  "success": true,
  "findings": [
    "UncheckedCall"
  ],
  "errors": [],
  "analysis": [
    "UncheckedCall"
  ]
}