{
  "contract": "../data/dataset/bsc2/0x2348b5352D56665413260E24104360Da4E5262fd.hex",
  "tool": "vandal",
  "start": 1659473840.441526,
  "end": 1659473968.0368567,
  "exit_code": 0,
  "duration": 127.59533071517944,
  "success": true,
  "findings": [
    "ReentrantCall",
    "UncheckedCall"
  ],
  "errors": [],
  "analysis": [
    "ReentrantCall",
    "UncheckedCall"
  ]
}