{
  "contract": "../data/dataset/eth2/0x4486370825B36a72E8bF148e688f56Fd9A594548.hex",
  "tool": "conkas",
  "start": 1659416047.9721622,
  "end": 1659416051.1111386,
  "exit_code": 0,
  "duration": 3.1389763355255127,
  "success": true,
  "findings": [],
  "errors": [],
  "analysis": []
}