{
  "contract": "../data/dataset/bsc2/0x527f2F13Fd9A424DABfc6eecBc6d4fceC7d92168.hex",
  "tool": "securify",
  "start": 1659560058.4782295,
  "end": 1659560147.761451,
  "exit_code": 0,
  "duration": 89.28322148323059,
  "success": true,
  "findings": [],
  "errors": [],
  "analysis": {
    "../data/dataset/bsc2/0x527f2F13Fd9A424DABfc6eecBc6d4fceC7d92168.hex:0x527f2F13Fd9A424DABfc6eecBc6d4fceC7d92168": {
      "results": {
        "DAO": {
          "completed": true,
          "hasViolations": false,
          "hasWarnings": false,
          "hasSafe": false,
          "hasConflicts": false,
          "violations": [],
          "warnings": [],
          "safe": [],
          "conflicts": []
        },
        "DAOConstantGas": {
          "completed": true,
          "hasViolations": false,
          "hasWarnings": false,
          "hasSafe": false,
          "hasConflicts": false,
          "violations": [],
          "warnings": [],
          "safe": [],
          "conflicts": []
        },
        "MissingInputValidation": {
          "completed": true,
          "hasViolations": true,
          "hasWarnings": true,
          "hasSafe": true,
          "hasConflicts": false,
          "violations": [
            1930,
            1930,
            1930,
            1226,
            1930,
            1226,
            1558,
            1930,
            1226,
            1558,
            1930,
            1226,
            1558,
            1930,
            1226,
            1558,
            1930,
            1226,
            1558,
            1930,
            1226,
            1558,
            1930,
            1226,
            1558,
            1330
          ],
          "warnings": [
            1732,
            1732,
            1732
          ],
          "safe": [
            1708,
            1708,
            1302,
            1708,
            1302,
            1539,
            1708,
            1302,
            1539,
            1553,
            1708,
            1302,
            1539,
            1553,
            1708,
            1302,
            1539,
            1553,
            1103,
            1708,
            1302,
            1539,
            1553,
            1103,
            1708,
            1302,
            1539,
            1553,
            1103,
            1708,
            1302,
            1539,
            1553,
            1103,
            1585,
            1708,
            1302,
            1539,
            1553,
            1103,
            1585,
            1890,
            1708,
            1302,
            1539,
            1553,
            1103,
            1585,
            1890,
            1975,
            1708,
            1302,
            1539,
            1553,
            1103,
            1585,
            1890,
            1975,
            1708,
            1302,
            1539,
            1553,
            1103,
            1585,
            1890,
            1975,
            1860,
            1708,
            1302,
            1539,
            1553,
            1103,
            1585,
            1890,
            1975,
            1860
          ],
          "conflicts": []
        },
        "TODAmount": {
          "completed": true,
          "hasViolations": false,
          "hasWarnings": false,
          "hasSafe": false,
          "hasConflicts": false,
          "violations": [],
          "warnings": [],
          "safe": [],
          "conflicts": []
        },
        "TODReceiver": {
          "completed": true,
          "hasViolations": false,
          "hasWarnings": false,
          "hasSafe": false,
          "hasConflicts": false,
          "violations": [],
          "warnings": [],
          "safe": [],
          "conflicts": []
        },
        "TODTransfer": {
          "completed": true,
          "hasViolations": false,
          "hasWarnings": false,
          "hasSafe": false,
          "hasConflicts": false,
          "violations": [],
          "warnings": [],
          "safe": [],
          "conflicts": []
        },
        "UnhandledException": {
          "completed": true,
          "hasViolations": false,
          "hasWarnings": false,
          "hasSafe": false,
          "hasConflicts": false,
          "violations": [],
          "warnings": [],
          "safe": [],
          "conflicts": []
        },
        "UnrestrictedEtherFlow": {
          "completed": true,
          "hasViolations": false,
          "hasWarnings": false,
          "hasSafe": false,
          "hasConflicts": false,
          "violations": [],
          "warnings": [],
          "safe": [],
          "conflicts": []
        }
      }
    }
  }
}