{
  "contract": "../data/dataset/bsc/0xc5FEA4E644c0e04392B3fb4Fbb1E8F37b78E3A53.hex",
  "tool": "madmax",
  "start": 1657610959.907039,
  "end": 1657610961.231165,
  "exit_code": 0,
  "duration": 1.3241260051727295,
  "success": true,
  "findings": [],
  "errors": [],
  "analysis": [
    [
      "0xc5FEA4E644c0e04392B3fb4Fbb1E8F37b78E3A53.hex",
      [
        "bytecode"
      ],
      [],
      {
        "disassemble_time": 0.1900320053100586,
        "decomp_time": 0.03598165512084961,
        "inline_time": 0.09130406379699707,
        "client_time": 0.02306079864501953
      }
    ]
  ]
}