{
  "contract": "../data/dataset/bsc/0xc12A555101a77e87Db040c37277e761A41DBd56c.hex",
  "tool": "madmax",
  "start": 1657579804.557355,
  "end": 1657579805.766952,
  "exit_code": 0,
  "duration": 1.209597110748291,
  "success": true,
  "findings": [],
  "errors": [],
  "analysis": [
    [
      "0xc12A555101a77e87Db040c37277e761A41DBd56c.hex",
      [
        "bytecode"
      ],
      [],
      {
        "disassemble_time": 0.08057522773742676,
        "decomp_time": 0.025383472442626953,
        "inline_time": 0.09438633918762207,
        "client_time": 0.02698826789855957
      }
    ]
  ]
}