{
  "contract": "../data/dataset/bsc2/0x54A07e11F620D6DD5521172199527a3F9Be2D14e.hex",
  "tool": "vandal",
  "start": 1659481304.6444585,
  "end": 1659481309.2422278,
  "exit_code": 1,
  "duration": 4.597769260406494,
  "success": true,
  "findings": [],
  "errors": [],
  "analysis": []
}