{
  "contract": "../data/dataset/bsc/0x247F3Ae8b5135F4Fb3d6785c36cD95083cDd6779.hex",
  "tool": "mythril",
  "start": 1657597003.49559,
  "end": 1657598517.419925,
  "exit_code": 0,
  "duration": 1513.9243350028992,
  "success": true,
  "findings": [],
  "errors": [],
  "analysis": {
    "error": null,
    "issues": [],
    "success": true
  }
}