{
  "contract": "../data/dataset/eth/0xEA7Eb605511b292fF46b7a427CE1CAF41567Ee3C.hex",
  "tool": "mythril",
  "start": 1657404707.205319,
  "end": 1657404720.793119,
  "exit_code": 0,
  "duration": 13.587800025939941,
  "success": true,
  "findings": [],
  "errors": [],
  "analysis": {
    "error": null,
    "issues": [],
    "success": true
  }
}