{
  "contract": "dataset/testing_dataset_bc/0x022f13449B9624300a89D947e5c448b49265C0c9.bytecode",
  "tool": "ethor",
  "start": 1652895380.874056,
  "end": 1652896064.4839928,
  "exit_code": 1,
  "duration": 683.6099367141724,
  "success": false,
  "findings": [],
  "errors": [
    "analysis incomplete",
    "floating point error",
    "instruction error"
  ],
  "analysis": []
}