{
  "contract": "../data/dataset/eth2/0x7d49ea85cD04910186cc76E6610ad139703B3554.hex",
  "tool": "conkas",
  "start": 1659398719.459637,
  "end": 1659398723.4811764,
  "exit_code": 0,
  "duration": 4.0215394496917725,
  "success": true,
  "findings": [],
  "errors": [],
  "analysis": []
}