{
  "contract": "../data/dataset/eth2/0x414478Ea660fD1EF454F82EafDc0f79aabbB3C64.hex",
  "tool": "mythril",
  "start": 1659404297.4527123,
  "end": 1659404303.0255895,
  "exit_code": 0,
  "duration": 5.5728771686553955,
  "success": true,
  "findings": [],
  "errors": [],
  "analysis": {
    "error": null,
    "issues": [],
    "success": true
  }
}