{
  "contract": "../data/dataset/eth2/0x7609A0075ae6A9c20851e4Cb38c724C94Dfb6013.hex",
  "tool": "mythril",
  "start": 1659444687.4855025,
  "end": 1659444693.6198978,
  "exit_code": 0,
  "duration": 6.134395360946655,
  "success": true,
  "findings": [],
  "errors": [],
  "analysis": {
    "error": null,
    "issues": [],
    "success": true
  }
}