{
  "contract": "../data/dataset/eth2/0x5eeC3124c6E544AAD65958c5c0853a170f59864e.hex",
  "tool": "oyente",
  "start": 1659449609.2101665,
  "end": 1659449612.6499953,
  "exit_code": 139,
  "duration": 3.439828872680664,
  "success": false,
  "findings": [],
  "errors": [
    "analysis incomplete"
  ],
  "analysis": []
}