{
  "contract": "../data/dataset/eth2/0x95eDcC819E668c580FDe96377632D549101a95d8.hex",
  "tool": "vandal",
  "start": 1659450031.8584392,
  "end": 1659450033.1580586,
  "exit_code": 1,
  "duration": 1.299619436264038,
  "success": true,
  "findings": [],
  "errors": [],
  "analysis": []
}