{
  "contract": "../data/dataset/eth2/0x7FB56435F30857EADAd80F46E50E1f75A233F578.hex",
  "tool": "mythril",
  "start": 1659452984.8290923,
  "end": 1659452990.543384,
  "exit_code": 0,
  "duration": 5.71429181098938,
  "success": true,
  "findings": [],
  "errors": [],
  "analysis": {
    "error": null,
    "issues": [],
    "success": true
  }
}