{
  "contract": "../data/dataset/eth/0x1F9A5522c5F9a6440B3185fAadE7A4c838Ff80cF.hex",
  "tool": "madmax",
  "start": 1657430412.6090088,
  "end": 1657430413.724406,
  "exit_code": 0,
  "duration": 1.1153972148895264,
  "success": true,
  "findings": [],
  "errors": [],
  "analysis": [
    [
      "0x1F9A5522c5F9a6440B3185fAadE7A4c838Ff80cF.hex",
      [
        "bytecode"
      ],
      [],
      {
        "disassemble_time": 0.01885509490966797,
        "decomp_time": 0.026200294494628906,
        "inline_time": 0.10213279724121094,
        "client_time": 0.022825002670288086
      }
    ]
  ]
}