{
  "contract": "../data/dataset/eth/0xf90850908142AA9eE0BDBd4f7c121ADbFC3dFcaE.hex",
  "tool": "madmax",
  "start": 1657419284.4500911,
  "end": 1657419285.55483,
  "exit_code": 0,
  "duration": 1.1047389507293701,
  "success": true,
  "findings": [],
  "errors": [],
  "analysis": [
    [
      "0xf90850908142AA9eE0BDBd4f7c121ADbFC3dFcaE.hex",
      [
        "bytecode"
      ],
      [],
      {
        "disassemble_time": 0.007331371307373047,
        "decomp_time": 0.02639484405517578,
        "inline_time": 0.09205937385559082,
        "client_time": 0.02475595474243164
      }
    ]
  ]
}