{
  "contract": "../data/dataset/eth2/0xFe1Bb315Ab530b8fd17ca0bef0C4ED5541a3F504.hex",
  "tool": "vandal",
  "start": 1659413737.9454858,
  "end": 1659413739.2294364,
  "exit_code": 1,
  "duration": 1.2839505672454834,
  "success": true,
  "findings": [],
  "errors": [],
  "analysis": []
}