{
  "contract": "../data/dataset/eth/0xD1D518D6B366A4e911C76e5cA959cF822A1FCC9A.hex",
  "tool": "mythril",
  "start": 1657458645.337732,
  "end": 1657460157.924067,
  "exit_code": 0,
  "duration": 1512.5863349437714,
  "success": true,
  "findings": [],
  "errors": [],
  "analysis": {
    "error": null,
    "issues": [],
    "success": true
  }
}