{
  "contract": "../data/dataset/bsc2/0x3264AC757bB049F3a9dD3d37d2bE8e971a3B453c.hex",
  "tool": "mythril",
  "start": 1659562665.6660721,
  "end": 1659562678.964367,
  "exit_code": 0,
  "duration": 13.29829478263855,
  "success": true,
  "findings": [],
  "errors": [],
  "analysis": {
    "error": null,
    "issues": [],
    "success": true
  }
}