{
  "contract": "../data/dataset/eth/0xd89FFaD33dedeC7a41595CEa16bD4E031d005003.hex",
  "tool": "mythril",
  "start": 1657402389.763297,
  "end": 1657402403.6441112,
  "exit_code": 0,
  "duration": 13.88081407546997,
  "success": true,
  "findings": [],
  "errors": [],
  "analysis": {
    "error": null,
    "issues": [],
    "success": true
  }
}