{
  "contract": "../data/dataset/eth/0xFf5fc3179ef778bD83b1D68Bf7207c3C34A5e401.hex",
  "tool": "madmax",
  "start": 1657458221.22243,
  "end": 1657458222.355618,
  "exit_code": 0,
  "duration": 1.133188009262085,
  "success": true,
  "findings": [],
  "errors": [],
  "analysis": [
    [
      "0xFf5fc3179ef778bD83b1D68Bf7207c3C34A5e401.hex",
      [
        "bytecode"
      ],
      [],
      {
        "disassemble_time": 0.01480555534362793,
        "decomp_time": 0.02558302879333496,
        "inline_time": 0.10193061828613281,
        "client_time": 0.023723602294921875
      }
    ]
  ]
}