{
  "contract": "../data/dataset/eth2/0x3342b54D6111468b19C6819365b7A0bdde99f345.hex",
  "tool": "vandal",
  "start": 1659390208.157215,
  "end": 1659390211.633733,
  "exit_code": 1,
  "duration": 3.476517915725708,
  "success": true,
  "findings": [],
  "errors": [],
  "analysis": []
}