{
  "contract": "../data/dataset/eth2/0x0A4A1d6b3f18BA96d1f22CF525e8fbfd4C50B12F.hex",
  "tool": "conkas",
  "start": 1659452757.2938437,
  "end": 1659452760.570833,
  "exit_code": 0,
  "duration": 3.276989221572876,
  "success": true,
  "findings": [],
  "errors": [],
  "analysis": []
}