{
  "contract": "../data/dataset/eth2/0x6505033b9B9FbE797E512248cd7D2A95e7a5Dbf5.hex",
  "tool": "mythril",
  "start": 1659427723.2446227,
  "end": 1659427729.0847964,
  "exit_code": 0,
  "duration": 5.840173721313477,
  "success": true,
  "findings": [],
  "errors": [],
  "analysis": {
    "error": null,
    "issues": [],
    "success": true
  }
}