{
  "contract": "../data/dataset/bsc/0xfA8984153D5E05A87F2851109AFF048e26182F75.hex",
  "tool": "vandal",
  "start": 1657511500.376975,
  "end": 1657511540.137759,
  "exit_code": 0,
  "duration": 39.76078391075134,
  "success": true,
  "findings": [
    "ReentrantCall",
    "UncheckedCall"
  ],
  "errors": [],
  "analysis": [
    "ReentrantCall",
    "UncheckedCall"
  ]
}