{
  "contract": "../data/dataset/eth2/0xD3cb32B1B45916ffdf738810f6bC822fC6A68919.hex",
  "tool": "mythril",
  "start": 1659435726.5816507,
  "end": 1659435732.4305959,
  "exit_code": 0,
  "duration": 5.848945140838623,
  "success": true,
  "findings": [],
  "errors": [],
  "analysis": {
    "error": null,
    "issues": [],
    "success": true
  }
}