{
  "contract": "../data/dataset/eth2/0x7609A0075ae6A9c20851e4Cb38c724C94Dfb6013.hex",
  "tool": "vandal",
  "start": 1659444670.2122707,
  "end": 1659444672.0542524,
  "exit_code": 1,
  "duration": 1.8419816493988037,
  "success": true,
  "findings": [],
  "errors": [],
  "analysis": []
}