{
  "contract": "../data/dataset/eth2/0x7dcbb05C028d58544d7B1DE0F27296310ed7c63F.hex",
  "tool": "vandal",
  "start": 1659398607.1152368,
  "end": 1659398609.273069,
  "exit_code": 0,
  "duration": 2.157832145690918,
  "success": true,
  "findings": [
    "UncheckedCall"
  ],
  "errors": [],
  "analysis": [
    "UncheckedCall"
  ]
}