{
  "contract": "../data/dataset/eth2/0x2975a61926d80AaD1678F7A16529405c71CF9E80.hex",
  "tool": "vandal",
  "start": 1659420898.518566,
  "end": 1659420900.2566028,
  "exit_code": 0,
  "duration": 1.738036870956421,
  "success": true,
  "findings": [
    "ReentrantCall",
    "UncheckedCall"
  ],
  "errors": [],
  "analysis": [
    "ReentrantCall",
    "UncheckedCall"
  ]
}