{
  "contract": "../data/dataset/bsc2/0xDa6AD0C6C1Ef5A6dA02A9751464f03026d6c8255.hex",
  "tool": "conkas",
  "start": 1659527848.7627656,
  "end": 1659527853.6133711,
  "exit_code": 0,
  "duration": 4.850605487823486,
  "success": false,
  "findings": [],
  "errors": [
    "exception (RecursionError: maximum recursion depth exceeded)"
  ],
  "analysis": []
}