{
  "contract": "../data/dataset/bsc2/0xd1dD3BceE35BA725FA86b96c628235Deb8b9647B.hex",
  "tool": "mythril",
  "start": 1659497814.7706223,
  "end": 1659497821.5793874,
  "exit_code": 0,
  "duration": 6.808765172958374,
  "success": true,
  "findings": [],
  "errors": [],
  "analysis": {
    "error": null,
    "issues": [],
    "success": true
  }
}