{
  "contract": "../data/dataset/bsc2/0xd885Aa7593F5feC7D770b5a789a7a955C1cB11ec.hex",
  "tool": "conkas",
  "start": 1659497145.2125688,
  "end": 1659497152.4701617,
  "exit_code": 0,
  "duration": 7.2575929164886475,
  "success": true,
  "findings": [],
  "errors": [],
  "analysis": []
}