{
  "contract": "../data/dataset/bsc2/0x5de245c862632b34b0fcf0a216928dc71f5C7dB0.hex",
  "tool": "mythril",
  "start": 1659478655.3818152,
  "end": 1659479892.5367014,
  "exit_code": 0,
  "duration": 1237.1548862457275,
  "success": true,
  "findings": [],
  "errors": [],
  "analysis": {
    "error": null,
    "issues": [],
    "success": true
  }
}