{
  "contract": "../data/dataset/bsc2/0x098776DDdFcE8947c4D865F5e00D485Fa81e6db4.hex",
  "tool": "conkas",
  "start": 1659521818.2575343,
  "end": 1659521821.7870145,
  "exit_code": 0,
  "duration": 3.529480218887329,
  "success": true,
  "findings": [],
  "errors": [],
  "analysis": []
}