{
  "contract": "../data/dataset/bsc2/0x52e10416207526a0457f8d4Ea034d41e44cdf655.hex",
  "tool": "vandal",
  "start": 1659552073.5736732,
  "end": 1659552077.3608048,
  "exit_code": 1,
  "duration": 3.7871315479278564,
  "success": true,
  "findings": [],
  "errors": [],
  "analysis": []
}