{
  "contract": "../data/dataset/eth2/0xb50DfF90e34Ef734cCE78274Cbc70C66aCA3Da47.hex",
  "tool": "conkas",
  "start": 1659420939.3328292,
  "end": 1659420942.3692615,
  "exit_code": 0,
  "duration": 3.0364322662353516,
  "success": true,
  "findings": [],
  "errors": [],
  "analysis": []
}