{
  "contract": "../data/dataset/bsc/0x38Ad5D9DD28E5EE021F54B1a21036F18331cB5a3.hex",
  "tool": "vandal",
  "start": 1657523165.064773,
  "end": 1657523179.634131,
  "exit_code": 1,
  "duration": 14.569357872009277,
  "success": true,
  "findings": [],
  "errors": [],
  "analysis": []
}