{
  "contract": "../data/dataset/eth/0x284A3Fc662caD9EECa355bEA45Cc0Cc507fb36BA.hex",
  "tool": "vandal",
  "start": 1657421150.476064,
  "end": 1657421152.325045,
  "exit_code": 1,
  "duration": 1.8489811420440674,
  "success": true,
  "findings": [],
  "errors": [],
  "analysis": []
}