{
  "contract": "../data/dataset/eth2/0x35B2A7373B2f5750e7D9F419787ADfA1D9738626.hex",
  "tool": "conkas",
  "start": 1659448458.060722,
  "end": 1659448460.719599,
  "exit_code": 0,
  "duration": 2.658876895904541,
  "success": true,
  "findings": [],
  "errors": [],
  "analysis": []
}