{
  "contract": "../data/dataset/bsc/0x73BB3C3835d70D222c355DD2dD68b93E63B818BC.hex",
  "tool": "madmax",
  "start": 1657606887.545365,
  "end": 1657606888.862175,
  "exit_code": 0,
  "duration": 1.316809892654419,
  "success": true,
  "findings": [],
  "errors": [],
  "analysis": [
    [
      "0x73BB3C3835d70D222c355DD2dD68b93E63B818BC.hex",
      [
        "bytecode"
      ],
      [],
      {
        "disassemble_time": 0.198594331741333,
        "decomp_time": 0.0252993106842041,
        "inline_time": 0.09566950798034668,
        "client_time": 0.022856473922729492
      }
    ]
  ]
}