{
  "contract": "../data/dataset/eth2/0x237A44a44C356717B2c3c8835077DAfaA0731E12.hex",
  "tool": "securify",
  "start": 1659403318.4018967,
  "end": 1659403567.721979,
  "exit_code": 0,
  "duration": 249.3200821876526,
  "success": true,
  "findings": [],
  "errors": [],
  "analysis": {
    "../data/dataset/eth2/0x237A44a44C356717B2c3c8835077DAfaA0731E12.hex:0x237A44a44C356717B2c3c8835077DAfaA0731E12": {
      "results": {
        "DAO": {
          "completed": true,
          "hasViolations": false,
          "hasWarnings": false,
          "hasSafe": false,
          "hasConflicts": false,
          "violations": [],
          "warnings": [],
          "safe": [],
          "conflicts": []
        },
        "DAOConstantGas": {
          "completed": true,
          "hasViolations": false,
          "hasWarnings": false,
          "hasSafe": false,
          "hasConflicts": false,
          "violations": [],
          "warnings": [],
          "safe": [],
          "conflicts": []
        },
        "MissingInputValidation": {
          "completed": true,
          "hasViolations": true,
          "hasWarnings": true,
          "hasSafe": true,
          "hasConflicts": false,
          "violations": [
            1046,
            1046,
            1046,
            997,
            1046,
            997,
            1046,
            997,
            1046,
            997,
            1382,
            1046,
            997,
            1382,
            1046,
            997,
            1382,
            1405,
            1046,
            997,
            1382,
            1405,
            1046,
            997,
            1382,
            1405,
            1046,
            997,
            1382,
            1405,
            1046,
            997,
            1382,
            1405
          ],
          "warnings": [
            947,
            947,
            947,
            947,
            947,
            947,
            947,
            947,
            947,
            947,
            947,
            947,
            947,
            1371
          ],
          "safe": [
            1507,
            1507,
            1234,
            1507,
            1234,
            1507,
            1234,
            1507,
            1234,
            942,
            1507,
            1234,
            942,
            1507,
            1234,
            942,
            1078,
            1507,
            1234,
            942,
            1078,
            1248,
            1507,
            1234,
            942,
            1078,
            1248,
            1507,
            1234,
            942,
            1078,
            1248,
            1582,
            1507,
            1234,
            942,
            1078,
            1248,
            1582,
            1507,
            1234,
            942,
            1078,
            1248,
            1582,
            1064,
            1507,
            1234,
            942,
            1078,
            1248,
            1582,
            1064,
            983,
            1507,
            1234,
            942,
            1078,
            1248,
            1582,
            1064,
            983,
            819,
            1507,
            1234,
            942,
            1078,
            1248,
            1582,
            1064,
            983,
            819
          ],
          "conflicts": []
        },
        "TODAmount": {
          "completed": true,
          "hasViolations": false,
          "hasWarnings": false,
          "hasSafe": false,
          "hasConflicts": false,
          "violations": [],
          "warnings": [],
          "safe": [],
          "conflicts": []
        },
        "TODReceiver": {
          "completed": true,
          "hasViolations": false,
          "hasWarnings": false,
          "hasSafe": false,
          "hasConflicts": false,
          "violations": [],
          "warnings": [],
          "safe": [],
          "conflicts": []
        },
        "TODTransfer": {
          "completed": true,
          "hasViolations": false,
          "hasWarnings": false,
          "hasSafe": false,
          "hasConflicts": false,
          "violations": [],
          "warnings": [],
          "safe": [],
          "conflicts": []
        },
        "UnhandledException": {
          "completed": true,
          "hasViolations": false,
          "hasWarnings": false,
          "hasSafe": false,
          "hasConflicts": false,
          "violations": [],
          "warnings": [],
          "safe": [],
          "conflicts": []
        },
        "UnrestrictedEtherFlow": {
          "completed": true,
          "hasViolations": false,
          "hasWarnings": false,
          "hasSafe": false,
          "hasConflicts": false,
          "violations": [],
          "warnings": [],
          "safe": [],
          "conflicts": []
        }
      }
    }
  }
}