{
  "contract": "../data/dataset/eth2/0x3572677803C6567ecfcbf47eDAf6cDBbb4ed56cD.hex",
  "tool": "mythril",
  "start": 1659403258.556711,
  "end": 1659403285.6767883,
  "exit_code": 0,
  "duration": 27.12007737159729,
  "success": true,
  "findings": [],
  "errors": [],
  "analysis": {
    "error": null,
    "issues": [],
    "success": true
  }
}