{
  "contract": "../data/dataset/eth/0x5c39289c6A9B339E6805362ab1e2eDE056689af2.hex",
  "tool": "mythril",
  "start": 1657392268.744429,
  "end": 1657392318.60229,
  "exit_code": 0,
  "duration": 49.857860803604126,
  "success": true,
  "findings": [],
  "errors": [],
  "analysis": {
    "error": null,
    "issues": [],
    "success": true
  }
}