{
  "contract": "../data/dataset/bsc/0x56ae384246Ca65426e55052802f2ba50f4e34D55.hex",
  "tool": "vandal",
  "start": 1657502596.403015,
  "end": 1657502598.206357,
  "exit_code": 1,
  "duration": 1.8033421039581299,
  "success": true,
  "findings": [],
  "errors": [],
  "analysis": []
}