{
  "contract": "../data/dataset/bsc/0x8A1d0a7DfE2EC135486B481Bd03418c2661Fb9dD.hex",
  "tool": "mythril",
  "start": 1657523629.4090612,
  "end": 1657525144.416524,
  "exit_code": 0,
  "duration": 1515.0074627399445,
  "success": true,
  "findings": [],
  "errors": [],
  "analysis": {
    "error": null,
    "issues": [],
    "success": true
  }
}