{
  "contract": "../data/dataset/bsc2/0x35D5f83fF3b05F90D01c351bcf21B3bD81aE6513.hex",
  "tool": "mythril",
  "start": 1659541025.782118,
  "end": 1659542220.4185672,
  "exit_code": 0,
  "duration": 1194.636449098587,
  "success": true,
  "findings": [],
  "errors": [],
  "analysis": {
    "error": null,
    "issues": [],
    "success": true
  }
}