{
  "contract": "../data/dataset/eth2/0xCA9A84205108BAF017725eBeA624b6ec947B4945.hex",
  "tool": "mythril",
  "start": 1659448493.8041182,
  "end": 1659449215.5086758,
  "exit_code": 0,
  "duration": 721.7045576572418,
  "success": true,
  "findings": [],
  "errors": [],
  "analysis": {
    "error": null,
    "issues": [],
    "success": true
  }
}