{
  "contract": "../data/dataset/eth2/0x69099930Bb14f6dC29c80cD8dc701B3127d18D9e.hex",
  "tool": "conkas",
  "start": 1659450719.0243204,
  "end": 1659450725.744491,
  "exit_code": 0,
  "duration": 6.720170736312866,
  "success": true,
  "findings": [],
  "errors": [],
  "analysis": []
}