{
  "contract": "../data/dataset/eth/0xbd6F8b9fCe850be0fBCf09a7040e57533f2b334a.hex",
  "tool": "mythril",
  "start": 1657402352.2549949,
  "end": 1657402366.602931,
  "exit_code": 0,
  "duration": 14.347936153411865,
  "success": true,
  "findings": [],
  "errors": [],
  "analysis": {
    "error": null,
    "issues": [],
    "success": true
  }
}