{
  "contract": "../data/dataset/bsc/0x75A12243d0A4d97a378A3EE26247EE3e2C7920d9.hex",
  "tool": "vandal",
  "start": 1657542308.330094,
  "end": 1657542310.1978219,
  "exit_code": 1,
  "duration": 1.8677277565002441,
  "success": true,
  "findings": [],
  "errors": [],
  "analysis": []
}