{
  "contract": "../data/dataset/bsc2/0x7bb55BA704773Cd1e3776E1d7d5b1d3Cb6D7bD1C.hex",
  "tool": "conkas",
  "start": 1659555898.834694,
  "end": 1659556055.0539432,
  "exit_code": 0,
  "duration": 156.21924924850464,
  "success": true,
  "findings": [],
  "errors": [],
  "analysis": []
}