{
  "contract": "../data/dataset/eth/0xAb022BeAe44fa2929e7aC56924c530F7995A89fB.hex",
  "tool": "mythril",
  "start": 1657430049.3838878,
  "end": 1657430063.122249,
  "exit_code": 0,
  "duration": 13.738361120223999,
  "success": true,
  "findings": [],
  "errors": [],
  "analysis": {
    "error": null,
    "issues": [],
    "success": true
  }
}