{
  "contract": "../data/dataset/eth/0x325c96fA60EEB3A9F88bab75278B5Ff18398c919.hex",
  "tool": "vandal",
  "start": 1657448133.940428,
  "end": 1657448137.019974,
  "exit_code": 1,
  "duration": 3.0795459747314453,
  "success": true,
  "findings": [],
  "errors": [],
  "analysis": []
}