{
  "contract": "../data/dataset/eth2/0x9605f0afE9dEA248A15C8314808FA03daA5C33Ff.hex",
  "tool": "vandal",
  "start": 1659417145.6166236,
  "end": 1659417147.095365,
  "exit_code": 1,
  "duration": 1.4787414073944092,
  "success": true,
  "findings": [],
  "errors": [],
  "analysis": []
}